{"cameraMode":{"drawMode":0,"name":"Shaded","section":"Shading Mode"},"sceneLighting":false,"audioPlay":false,"sceneViewState":{"m_AlwaysRefresh":false,"showFog":true,"showSkybox":false,"showFlares":true,"showImageEffects":true,"showParticleSystems":true,"showVisualEffectGraphs":true,"m_FxEnabled":true},"in2DMode":false,"pivot":{"x":-10.38503646850586,"y":2.176708459854126,"z":12.000870704650879},"rotation":{"x":0.03849742189049721,"y":0.41423171758651736,"z":-0.017523903399705888,"w":0.9092073440551758},"size":4.402419567108154,"orthographic":false}